"","code","country.x","primary","country.y","poverty","region","income","gini","duration","completion","trained_teacher"
"1","ABW","Aruba",NA,"Aruba",NA,"Latin America & Caribbean","High income",NA,13,"91.3757782","99.77842458"
"2","AFE","Africa Eastern and Southern",NA,"Africa Eastern and Southern",NA,NA,NA,NA,7,"#DIV/0!","78.20289697"
"3","AFG","Afghanistan",NA,"Afghanistan",NA,"South Asia","Low income",NA,9,"18.62063026","#DIV/0!"
"4","AFW","Africa Western and Central",NA,"Africa Western and Central",NA,NA,NA,NA,9,"#DIV/0!","67.31820884"
"5","AGO","Angola",NA,"Angola",NA,"Sub-Saharan Africa","Lower middle income",NA,6,"43.70162964","47.48641968"
"6","ALB","Albania",97.65542,"Albania",0.1,"Europe & Central Asia","Upper middle income",32.8,9,"95.95620728","75.84456825"
"7","AND","Andorra",NA,"Andorra",NA,"Europe & Central Asia","High income",NA,10,"97.16477013","100"
"8","ARB","Arab World",84.53258,"Arab World",NA,NA,NA,NA,9,"#DIV/0!","86.44225663"
"9","ARE","United Arab Emirates",99.40189,"United Arab Emirates",NA,"Middle East & North Africa","High income",NA,12,"89.60606079","100"
"10","ARG","Argentina",99.4496,"Argentina",0.7,"Latin America & Caribbean","Upper middle income",NA,14,"#DIV/0!","#DIV/0!"
"11","ARM","Armenia",92.49744,"Armenia",1.1,"Europe & Central Asia","Upper middle income",32.4,12,"99.32046509","75.9700737"
"12","ASM","American Samoa",NA,"American Samoa",NA,"East Asia & Pacific","High income",NA,NA,"#DIV/0!","#DIV/0!"
"13","ATG","Antigua and Barbuda",NA,"Antigua and Barbuda",NA,"Latin America & Caribbean","High income",NA,11,"#DIV/0!","60.45059804"
"14","AUS","Australia",96.7724,"Australia",0.5,"East Asia & Pacific","High income",NA,10,"99.88547516","#DIV/0!"
"15","AUT","Austria",88.8771,"Austria",0.7,"Europe & Central Asia","High income",30.5,13,"#DIV/0!","#DIV/0!"
"16","AZE","Azerbaijan",94.96529,"Azerbaijan",NA,"Europe & Central Asia","Upper middle income",NA,10,"98.49313202","99.57421811"
"17","BDI","Burundi",NA,"Burundi",NA,"Sub-Saharan Africa","Low income",NA,NA,"14.4639554","97.6650486"
"18","BEL","Belgium",98.66219,"Belgium",0.1,"Europe & Central Asia","High income",27.7,12,"94.26251221","#DIV/0!"
"19","BEN","Benin",NA,"Benin",NA,"Sub-Saharan Africa","Lower middle income",47.8,6,"23.15015984","65.8617012"
"20","BFA","Burkina Faso",75.85293,"Burkina Faso",NA,"Sub-Saharan Africa","Low income",NA,10,"15.96338463","86.74805797"
"21","BGD","Bangladesh",NA,"Bangladesh",13.5,"South Asia","Lower middle income",NA,5,"54.60228195","56.10413742"
"22","BGR","Bulgaria",89.46126,"Bulgaria",2,"Europe & Central Asia","Upper middle income",38.6,11,"#DIV/0!","#DIV/0!"
"23","BHR","Bahrain",97.90026,"Bahrain",NA,"Middle East & North Africa","High income",NA,9,"80.96233826","88.84358631"
"24","BHS","Bahamas, The",75.50359,"Bahamas, The",NA,"Latin America & Caribbean","High income",NA,12,"95.07771301","90.1564116"
"25","BIH","Bosnia and Herzegovina",NA,"Bosnia and Herzegovina",NA,"Europe & Central Asia","Upper middle income",NA,9,"81.16378675","#DIV/0!"
"26","BLR","Belarus",96.35791,"Belarus",0,"Europe & Central Asia","Upper middle income",25.6,11,"99.78855133","99.54790908"
"27","BLZ","Belize",99.24787,"Belize",NA,"Latin America & Caribbean","Upper middle income",NA,8,"88.86719513","68.81968102"
"28","BMU","Bermuda",NA,"Bermuda",NA,"North America","High income",NA,13,"#DIV/0!","100"
"29","BOL","Bolivia",89.84267,"Bolivia",5.6,"Latin America & Caribbean","Lower middle income",46.7,14,"64.38090827","88.255071"
"30","BRA","Brazil",97.20202,"Brazil",4.7,"Latin America & Caribbean","Upper middle income",51.9,14,"81.12454709","92.13656108"
"31","BRB","Barbados",98.03848,"Barbados",NA,"Latin America & Caribbean","High income",NA,11,"#DIV/0!","70.5101301"
"32","BRN","Brunei Darussalam",96.68663,"Brunei Darussalam",NA,"East Asia & Pacific","High income",NA,9,"91.29064178","86.01770991"
"33","BTN","Bhutan",89.71099,"Bhutan",NA,"South Asia","Lower middle income",NA,NA,"26.39257908","100"
"34","BWA","Botswana",NA,"Botswana",NA,"Sub-Saharan Africa","Upper middle income",53.3,NA,"#DIV/0!","99.08467484"
"35","CAF","Central African Republic",NA,"Central African Republic",NA,"Sub-Saharan Africa","Low income",NA,10,"30.84333038","#DIV/0!"
"36","CAN","Canada",99.95587,"Canada",0.2,"North America","High income",33.7,10,"#DIV/0!","#DIV/0!"
"37","CEB","Central Europe and the Baltics",93.06906,"Central Europe and the Baltics",NA,NA,NA,NA,10,"#DIV/0!","96.0849006"
"38","CHE","Switzerland",99.75942,"Switzerland",0,"Europe & Central Asia","High income",32.3,11,"99.67044067","#DIV/0!"
"39","CHI","Channel Islands",NA,"Channel Islands",NA,"Europe & Central Asia","High income",NA,NA,"#DIV/0!","#DIV/0!"
"40","CHL","Chile",94.04385,"Chile",NA,"Latin America & Caribbean","High income",44.4,12,"86.27104187","#DIV/0!"
"41","CHN","China",NA,"China",0.8,"East Asia & Pacific","Upper middle income",38.6,9,"#DIV/0!","#DIV/0!"
"42","CIV","Cote d'Ivoire",86.90249,"Cote d'Ivoire",NA,"Sub-Saharan Africa","Lower middle income",41.5,10,"34.98509407","97.26139577"
"43","CMR","Cameroon",94.493,"Cameroon",NA,"Sub-Saharan Africa","Lower middle income",NA,6,"48.26652908","71.64666312"
"44","COD","Congo, Dem. Rep.",NA,"Congo, Dem. Rep.",NA,"Sub-Saharan Africa","Low income",NA,6,"60.78171794","93.61438533"
"45","COG","Congo, Rep.",NA,"Congo, Rep.",NA,"Sub-Saharan Africa","Lower middle income",NA,10,"71.99141693","82.13951111"
"46","COL","Colombia",95.42469,"Colombia",4.9,"Latin America & Caribbean","Upper middle income",51,12,"76.80166753","97.57148951"
"47","COM","Comoros",NA,"Comoros",NA,"Sub-Saharan Africa","Lower middle income",NA,6,"#DIV/0!","52.95396233"
"48","CPV","Cabo Verde",92.86026,"Cabo Verde",NA,"Sub-Saharan Africa","Lower middle income",42.4,10,"51.92240906","94.60944366"
"49","CRI","Costa Rica",98.36736,"Costa Rica",1.3,"Latin America & Caribbean","Upper middle income",48.4,13,"81.27166684","93.32377548"
"50","CSS","Caribbean small states",90.48512,"Caribbean small states",NA,NA,NA,NA,6.5,"#DIV/0!","81.71745242"
"51","CUB","Cuba",94.53374,"Cuba",NA,"Latin America & Caribbean","Upper middle income",NA,9,"91.57204437","100"
"52","CUW","Curacao",NA,"Curacao",NA,"Latin America & Caribbean","High income",NA,14,"99.39974976","#DIV/0!"
"53","CYM","Cayman Islands",NA,"Cayman Islands",NA,"Latin America & Caribbean","High income",NA,12,"99.40296555","95.9993988"
"54","CYP","Cyprus",97.0838,"Cyprus",0,"Europe & Central Asia","High income",34,10,"94.51953803","100"
"55","CZE","Czechia",88.80417,"Czechia",0,"Europe & Central Asia","High income",25.9,10,"99.86027442","#DIV/0!"
"56","DEU","Germany",90.62417,"Germany",0,"Europe & Central Asia","High income",31.4,13,"100","#DIV/0!"
"57","DJI","Djibouti",57.24558,"Djibouti",NA,"Middle East & North Africa","Lower middle income",NA,10,"39.28207016","99.00107956"
"58","DMA","Dominica",97.98016,"Dominica",NA,"Latin America & Caribbean","Upper middle income",NA,12,"#DIV/0!","62.16865463"
"59","DNK","Denmark",99.0209,"Denmark",0.3,"Europe & Central Asia","High income",28.2,10,"#DIV/0!","#DIV/0!"
"60","DOM","Dominican Republic",95.13993,"Dominican Republic",2,"Latin America & Caribbean","Upper middle income",45.2,15,"69.83583323","89.27710597"
"61","DZA","Algeria",NA,"Algeria",NA,"Middle East & North Africa","Lower middle income",NA,10,"64.00724792","98.42599487"
"62","EAP","East Asia & Pacific (excluding high income)",95.962,"East Asia & Pacific (excluding high income)",NA,NA,NA,NA,9,"#DIV/0!","#DIV/0!"
"63","EAR","Early-demographic dividend",92.86882,"Early-demographic dividend",NA,NA,NA,NA,10,"#DIV/0!","79.98296738"
"64","EAS","East Asia & Pacific",95.99079,"East Asia & Pacific",2.3,NA,NA,NA,9,"#DIV/0!","#DIV/0!"
"65","ECA","Europe & Central Asia (excluding high income)",94.93937,"Europe & Central Asia (excluding high income)",NA,NA,NA,NA,10.5,"#DIV/0!","94.24499893"
"66","ECS","Europe & Central Asia",96.75136,"Europe & Central Asia",2.7,NA,NA,NA,11,"#DIV/0!","94.79787674"
"67","ECU","Ecuador",98.06549,"Ecuador",3.6,"Latin America & Caribbean","Upper middle income",46,15,"81.15043934","88.89264679"
"68","EGY","Egypt, Arab Rep.",98.64429,"Egypt, Arab Rep.",NA,"Middle East & North Africa","Lower middle income",31.8,12,"#DIV/0!","81.43597107"
"69","EMU","Euro area",98.14906,"Euro area",NA,NA,NA,NA,11,"#DIV/0!","#DIV/0!"
"70","ERI","Eritrea",NA,"Eritrea",NA,"Sub-Saharan Africa","Low income",NA,8,"#DIV/0!","84.89278539"
"71","ESP","Spain",98.85537,"Spain",1.1,"Europe & Central Asia","High income",36.2,10,"90.34047413","100"
"72","EST","Estonia",93.68565,"Estonia",0.5,"Europe & Central Asia","High income",32.7,9,"99.77649689","#DIV/0!"
"73","ETH","Ethiopia",NA,"Ethiopia",NA,"Sub-Saharan Africa","Low income",35,8,"22.31374359","#DIV/0!"
"74","EUU","European Union",97.62383,"European Union",NA,NA,NA,NA,11,"#DIV/0!","#DIV/0!"
"75","FCS","Fragile and conflict affected situations",NA,"Fragile and conflict affected situations",31.2,NA,NA,NA,9,"#DIV/0!","73.66533938"
"76","FIN","Finland",99.12044,"Finland",0,"Europe & Central Asia","High income",27.1,11,"#DIV/0!","#DIV/0!"
"77","FJI","Fiji",99.4431,"Fiji",NA,"East Asia & Pacific","Upper middle income",NA,NA,"91.18470764","94.39822769"
"78","FRA","France",99.37467,"France",0.1,"Europe & Central Asia","High income",32.7,13,"97.90695021","#DIV/0!"
"79","FRO","Faroe Islands",NA,"Faroe Islands",NA,"Europe & Central Asia","High income",NA,9,"#DIV/0!","#DIV/0!"
"80","FSM","Micronesia, Fed. Sts.",NA,"Micronesia, Fed. Sts.",NA,"East Asia & Pacific","Lower middle income",NA,8,"#DIV/0!","34.87927294"
"81","GAB","Gabon",NA,"Gabon",NA,"Sub-Saharan Africa","Upper middle income",NA,10,"#DIV/0!","52.04771423"
"82","GBR","United Kingdom",99.65208,"United Kingdom",0.2,"Europe & Central Asia","High income",33.3,11,"99.88056619","#DIV/0!"
"83","GEO","Georgia",97.95282,"Georgia",4.9,"Europe & Central Asia","Upper middle income",36.5,9,"98.83454895","#DIV/0!"
"84","GHA","Ghana",NA,"Ghana",25.2,"Sub-Saharan Africa","Lower middle income",NA,11,"61.42816925","56.67317804"
"85","GIB","Gibraltar",99.70191,"Gibraltar",NA,"Europe & Central Asia","High income",NA,12,"#DIV/0!","71.3235302"
"86","GIN","Guinea",78.08732,"Guinea",NA,"Sub-Saharan Africa","Lower middle income",NA,6,"19.81249619","74.34141286"
"87","GMB","Gambia, The",77.65176,"Gambia, The",NA,"Sub-Saharan Africa","Low income",35.9,9,"38.92977651","86.24892044"
"88","GNB","Guinea-Bissau",NA,"Guinea-Bissau",NA,"Sub-Saharan Africa","Low income",NA,9,"#DIV/0!","38.93130112"
"89","GNQ","Equatorial Guinea",NA,"Equatorial Guinea",NA,"Sub-Saharan Africa","Upper middle income",NA,6,"#DIV/0!","35.95601368"
"90","GRC","Greece",97.94221,"Greece",1,"Europe & Central Asia","High income",36,10,"94.25502625","#DIV/0!"
"91","GRD","Grenada",NA,"Grenada",NA,"Latin America & Caribbean","Upper middle income",NA,12,"#DIV/0!","61.74656804"
"92","GRL","Greenland",NA,"Greenland",NA,"Europe & Central Asia","High income",NA,10,"100","#DIV/0!"
"93","GTM","Guatemala",87.19765,"Guatemala",NA,"Latin America & Caribbean","Upper middle income",NA,16,"45.04037247","#DIV/0!"
"94","GUM","Guam",NA,"Guam",NA,"East Asia & Pacific","High income",NA,0,"#DIV/0!","#DIV/0!"
"95","GUY","Guyana",NA,"Guyana",NA,"Latin America & Caribbean","High income",NA,6,"84.06530762","73.39978256"
"96","HIC","High income",96.85409,"High income",0.6,NA,NA,NA,10,"#DIV/0!","94.99724509"
"97","HKG","Hong Kong SAR, China",97.17614,"Hong Kong SAR, China",NA,"East Asia & Pacific","High income",NA,9,"95.10357012","96.10164055"
"98","HND","Honduras",79.95579,"Honduras",14.6,"Latin America & Caribbean","Lower middle income",49.2,12,"56.73666721","#DIV/0!"
"99","HPC","Heavily indebted poor countries (HIPC)",80.54475,"Heavily indebted poor countries (HIPC)",NA,NA,NA,NA,8.5,"#DIV/0!","76.62781701"
"100","HRV","Croatia",97.85166,"Croatia",0.6,"Europe & Central Asia","High income",31.1,8,"96.97402191","#DIV/0!"
"101","HTI","Haiti",NA,"Haiti",NA,"Latin America & Caribbean","Lower middle income",NA,6,"46.36672974","#DIV/0!"
"102","HUN","Hungary",96.86899,"Hungary",1.3,"Europe & Central Asia","High income",30.4,13,"99.59053497","#DIV/0!"
"103","IBD","IBRD only",96.29055,"IBRD only",NA,NA,NA,NA,10,"#DIV/0!","87.53376484"
"104","IBT","IDA & IBRD total",89.76459,"IDA & IBRD total",NA,NA,NA,NA,9,"#DIV/0!","84.23194038"
"105","IDA","IDA total",77.96156,"IDA total",28.3,NA,NA,NA,9,"#DIV/0!","76.23868977"
"106","IDB","IDA blend",70.20335,"IDA blend",NA,NA,NA,NA,9.5,"#DIV/0!","74.58976746"
"107","IDN","Indonesia",93.62147,"Indonesia",7.5,"East Asia & Pacific","Upper middle income",40.4,9,"78.1352975","#DIV/0!"
"108","IDX","IDA only",81.69973,"IDA only",NA,NA,NA,NA,9,"#DIV/0!","76.83021482"
"109","IMN","Isle of Man",NA,"Isle of Man",NA,"Europe & Central Asia","High income",NA,NA,"#DIV/0!","#DIV/0!"
"110","IND","India",NA,"India",18.1,"South Asia","Lower middle income",34.7,8,"58.37718887","79.78021545"
"111","IRL","Ireland",99.97016,"Ireland",0.1,"Europe & Central Asia","High income",31.8,10,"#DIV/0!","#DIV/0!"
"112","IRN","Iran, Islamic Rep.",99.7847,"Iran, Islamic Rep.",0.7,"Middle East & North Africa","Lower middle income",39.5,9,"#DIV/0!","100"
"113","IRQ","Iraq",NA,"Iraq",NA,"Middle East & North Africa","Upper middle income",NA,6,"68.51982498","#DIV/0!"
"114","ISL","Iceland",99.51819,"Iceland",0,"Europe & Central Asia","High income",26.8,10,"#DIV/0!","#DIV/0!"
"115","ISR","Israel",97.05013,"Israel",0.2,"Middle East & North Africa","High income",39.7,15,"95.26179377","#DIV/0!"
"116","ITA","Italy",97.69825,"Italy",1.6,"Europe & Central Asia","High income",35.4,12,"94.84502157","#DIV/0!"
"117","JAM","Jamaica",84.39417,"Jamaica",NA,"Latin America & Caribbean","Upper middle income",NA,6,"#DIV/0!","98.03543949"
"118","JOR","Jordan",NA,"Jordan",NA,"Middle East & North Africa","Lower middle income",NA,10,"87.82868576","100"
"119","JPN","Japan",NA,"Japan",NA,"East Asia & Pacific","High income",NA,NA,"99.55633545","#DIV/0!"
"120","KAZ","Kazakhstan",99.71618,"Kazakhstan",0.1,"Europe & Central Asia","Upper middle income",26.8,9,"99.49225998","100"
"121","KEN","Kenya",NA,"Kenya",NA,"Sub-Saharan Africa","Lower middle income",40.8,12,"66.74222692","100"
"122","KGZ","Kyrgyz Republic",98.47782,"Kyrgyz Republic",1.1,"Europe & Central Asia","Lower middle income",29,10,"98.87036896","89.27337646"
"123","KHM","Cambodia",92.97896,"Cambodia",NA,"East Asia & Pacific","Lower middle income",NA,NA,"32.2644372","99.78007214"
"124","KIR","Kiribati",98.23962,"Kiribati",NA,"East Asia & Pacific","Lower middle income",NA,9,"88.93831635","66.19111697"
"125","KNA","St. Kitts and Nevis",96.216,"St. Kitts and Nevis",NA,"Latin America & Caribbean","High income",NA,12,"#DIV/0!","66.26725048"
"126","KOR","Korea, Rep.",97.26558,"Korea, Rep.",0.2,"East Asia & Pacific","High income",NA,9,"94.90540695","100"
"127","KWT","Kuwait",96.64405,"Kuwait",NA,"Middle East & North Africa","High income",NA,9,"61.63684769","83.66555677"
"128","LAC","Latin America & Caribbean (excluding high income)",95.73677,"Latin America & Caribbean (excluding high income)",NA,NA,NA,NA,14,"#DIV/0!","82.78472842"
"129","LAO","Lao PDR",94.00376,"Lao PDR",NA,"East Asia & Pacific","Lower middle income",NA,9,"57.26173019","96.70864105"
"130","LBN","Lebanon",NA,"Lebanon",NA,"Middle East & North Africa","Lower middle income",NA,10,"#DIV/0!","28.72955036"
"131","LBR","Liberia",NA,"Liberia",27.6,"Sub-Saharan Africa","Low income",NA,6,"41.57437897","62.36706066"
"132","LBY","Libya",NA,"Libya",NA,"Middle East & North Africa","Upper middle income",NA,9,"#DIV/0!","#DIV/0!"
"133","LCA","St. Lucia",97.9736,"St. Lucia",5.1,"Latin America & Caribbean","Upper middle income",NA,10,"#DIV/0!","86.02176285"
"134","LCN","Latin America & Caribbean",95.54695,"Latin America & Caribbean",4.4,NA,NA,NA,13,"#DIV/0!","79.6250939"
"135","LDC","Least developed countries: UN classification",81.43591,"Least developed countries: UN classification",NA,NA,NA,NA,8,"#DIV/0!","75.43496195"
"136","LIC","Low income",81.0466,"Low income",44.6,NA,NA,NA,9,"#DIV/0!","76.876243"
"137","LIE","Liechtenstein",99.31079,"Liechtenstein",NA,"Europe & Central Asia","High income",NA,9,"#DIV/0!","#DIV/0!"
"138","LKA","Sri Lanka",99.06007,"Sri Lanka",1.3,"South Asia","Lower middle income",NA,11,"#DIV/0!","83.81303024"
"139","LMC","Lower middle income",88.51671,"Lower middle income",15.9,NA,NA,NA,9,"#DIV/0!","79.02076252"
"140","LMY","Low & middle income",89.7551,"Low & middle income",12.5,NA,NA,NA,9,"#DIV/0!","84.59859721"
"141","LSO","Lesotho",91.20179,"Lesotho",NA,"Sub-Saharan Africa","Lower middle income",NA,7,"58.23323059","72.98315048"
"142","LTE","Late-demographic dividend",96.56094,"Late-demographic dividend",NA,NA,NA,NA,10,"#DIV/0!","96.41065216"
"143","LTU","Lithuania",99.74473,"Lithuania",1.3,"Europe & Central Asia","High income",37.4,11,"98.80910916","93.75937445"
"144","LUX","Luxembourg",98.79947,"Luxembourg",0.1,"Europe & Central Asia","High income",32.9,12,"#DIV/0!","#DIV/0!"
"145","LVA","Latvia",96.79255,"Latvia",0.6,"Europe & Central Asia","High income",34.2,11,"99.75531551","100"
"146","MAC","Macao SAR, China",96.77011,"Macao SAR, China",NA,"East Asia & Pacific","High income",NA,10,"88.71125031","93.95378465"
"147","MAF","St. Martin (French part)",NA,"St. Martin (French part)",NA,"Latin America & Caribbean","High income",NA,NA,"#DIV/0!","#DIV/0!"
"148","MAR","Morocco",NA,"Morocco",NA,"Middle East & North Africa","Lower middle income",NA,9,"#DIV/0!","100"
"149","MCO","Monaco",NA,"Monaco",NA,"Europe & Central Asia","High income",NA,11,"#DIV/0!","70.88403702"
"150","MDA","Moldova",90.03561,"Moldova",0.1,"Europe & Central Asia","Upper middle income",27,10,"99.19204521","100"
"151","MDG","Madagascar",NA,"Madagascar",NA,"Sub-Saharan Africa","Low income",NA,5,"45.13480568","16.41559005"
"152","MDV","Maldives",96.29823,"Maldives",0,"South Asia","Upper middle income",NA,7,"62.9823494","85.00178909"
"153","MEA","Middle East & North Africa",94.55097,"Middle East & North Africa",6,NA,NA,NA,9,"#DIV/0!","87.94393217"
"154","MEX","Mexico",99.21367,"Mexico",3.2,"Latin America & Caribbean","Upper middle income",NA,14,"78.56902398","88.99089877"
"155","MHL","Marshall Islands",74.5278,"Marshall Islands",NA,"East Asia & Pacific","Upper middle income",NA,13,"96.43000031","51.93130493"
"156","MIC","Middle income",91.53974,"Middle income",NA,NA,NA,NA,10,"#DIV/0!","85.65824042"
"157","MKD","North Macedonia",NA,"North Macedonia",4.2,"Europe & Central Asia","Upper middle income",35.6,13,"92.46578598","#DIV/0!"
"158","MLI","Mali",62.13872,"Mali",NA,"Sub-Saharan Africa","Low income",NA,9,"14.98945999","52.42385101"
"159","MLT","Malta",98.46075,"Malta",0.1,"Middle East & North Africa","High income",29.4,11,"98.52216","82.60822732"
"160","MMR","Myanmar",NA,"Myanmar",NA,"East Asia & Pacific","Lower middle income",38.1,5,"59.06002426","98.24836985"
"161","MNA","Middle East & North Africa (excluding high income)",94.01606,"Middle East & North Africa (excluding high income)",NA,NA,NA,NA,9,"#DIV/0!","85.7963562"
"162","MNE","Montenegro",93.73702,"Montenegro",2.5,"Europe & Central Asia","Upper middle income",39,9,"97.48744202","#DIV/0!"
"163","MNG","Mongolia",98.72633,"Mongolia",0.7,"East Asia & Pacific","Lower middle income",NA,12,"91.36827087","97.48530663"
"164","MNP","Northern Mariana Islands",NA,"Northern Mariana Islands",NA,"East Asia & Pacific","High income",NA,NA,"#DIV/0!","#DIV/0!"
"165","MOZ","Mozambique",90.76644,"Mozambique",NA,"Sub-Saharan Africa","Low income",NA,NA,"32.58969943","91.28037071"
"166","MRT","Mauritania",73.48295,"Mauritania",NA,"Sub-Saharan Africa","Lower middle income",NA,9,"31.3565855","95.21007538"
"167","MUS","Mauritius",95.33664,"Mauritius",NA,"Sub-Saharan Africa","Upper middle income",NA,11,"66.98356628","100"
"168","MWI","Malawi",NA,"Malawi",65.7,"Sub-Saharan Africa","Low income",NA,8,"47.06161499","91.69938469"
"169","MYS","Malaysia",NA,"Malaysia",NA,"East Asia & Pacific","Upper middle income",41.1,6,"93.17815908","96.91079903"
"170","NAC","North America",95.86634,"North America",NA,NA,NA,NA,11,"#DIV/0!","98.66882324"
"171","NAM","Namibia",NA,"Namibia",NA,"Sub-Saharan Africa","Upper middle income",59.1,7,"#DIV/0!","92.06277161"
"172","NCL","New Caledonia",NA,"New Caledonia",NA,"East Asia & Pacific","High income",NA,0,"#DIV/0!","#DIV/0!"
"173","NER","Niger",63.57047,"Niger",NA,"Sub-Saharan Africa","Low income",NA,NA,"13.21513033","60.78286044"
"174","NGA","Nigeria",NA,"Nigeria",NA,"Sub-Saharan Africa","Lower middle income",35.9,9,"63.80646896","64.1625843"
"175","NIC","Nicaragua",NA,"Nicaragua",NA,"Latin America & Caribbean","Lower middle income",NA,7,"57.47000122","71.77259064"
"176","NLD","Netherlands",NA,"Netherlands",0,"Europe & Central Asia","High income",28.2,13,"98.43915049","#DIV/0!"
"177","NOR","Norway",99.8062,"Norway",0.3,"Europe & Central Asia","High income",27.5,10,"99.77057103","#DIV/0!"
"178","NPL","Nepal",98.32872,"Nepal",NA,"South Asia","Lower middle income",NA,9,"41.5521698","93.88135043"
"179","NRU","Nauru",93.96215,"Nauru",NA,"East Asia & Pacific","High income",NA,14,"#DIV/0!","100"
"180","NZL","New Zealand",98.52583,"New Zealand",NA,"East Asia & Pacific","High income",NA,10,"#DIV/0!","#DIV/0!"
"181","OED","OECD members",97.04555,"OECD members",NA,NA,NA,NA,11,"#DIV/0!","94.03642967"
"182","OMN","Oman",98.5996,"Oman",NA,"Middle East & North Africa","High income",NA,10,"82.25637309","100"
"183","OSS","Other small states",85.16929,"Other small states",NA,NA,NA,NA,9,"#DIV/0!","80.96332065"
"184","PAK","Pakistan",66.01372,"Pakistan",NA,"South Asia","Lower middle income",31.3,12,"47.53153949","81.60636054"
"185","PAN","Panama",NA,"Panama",1.5,"Latin America & Caribbean","High income",50.8,11,"85.59393616","93.49630192"
"186","PER","Peru",99.56785,"Peru",4.6,"Latin America & Caribbean","Upper middle income",43.4,14,"69.64083417","#DIV/0!"
"187","PHL","Philippines",94.85361,"Philippines",NA,"East Asia & Pacific","Lower middle income",44.6,13,"83.16342545","100"
"188","PLW","Palau",NA,"Palau",NA,"East Asia & Pacific","Upper middle income",NA,12,"98.59705353","100"
"189","PNG","Papua New Guinea",75.54612,"Papua New Guinea",NA,"East Asia & Pacific","Lower middle income",NA,NA,"50.22631836","#DIV/0!"
"190","POL","Poland",NA,"Poland",0.2,"Europe & Central Asia","High income",31.8,8,"98.85338266","99.61999969"
"191","PRE","Pre-demographic dividend",75.69233,"Pre-demographic dividend",NA,NA,NA,NA,8.5,"#DIV/0!","74.13970809"
"192","PRI","Puerto Rico",78.79343,"Puerto Rico",NA,"Latin America & Caribbean","High income",NA,13,"90.11380005","93.7564799"
"193","PRK","Korea, Dem. People's Rep.",NA,"Korea, Dem. People's Rep.",NA,"East Asia & Pacific","Low income",NA,12,"#DIV/0!","#DIV/0!"
"194","PRT","Portugal",96.88158,"Portugal",0.4,"Europe & Central Asia","High income",35.5,12,"90.44701524","100"
"195","PRY","Paraguay",NA,"Paraguay",1.7,"Latin America & Caribbean","Upper middle income",47.6,13,"74.45916621","92.0764389"
"196","PSE","West Bank and Gaza",95.77247,"West Bank and Gaza",0.5,"Middle East & North Africa","Upper middle income",NA,10,"92.96190227","100"
"197","PSS","Pacific island small states",78.36007,"Pacific island small states",NA,NA,NA,NA,NA,"#DIV/0!","82.87666003"
"198","PST","Post-demographic dividend",96.68799,"Post-demographic dividend",NA,NA,NA,NA,10.5,"#DIV/0!","94.96149028"
"199","PYF","French Polynesia",NA,"French Polynesia",NA,"East Asia & Pacific","High income",NA,NA,"#DIV/0!","#DIV/0!"
"200","QAT","Qatar",97.23088,"Qatar",NA,"Middle East & North Africa","High income",NA,12,"80.23960876","100"
"201","ROU","Romania",87.4854,"Romania",3.2,"Europe & Central Asia","High income",35.9,10,"98.57870399","#DIV/0!"
"202","RUS","Russian Federation",97.33678,"Russian Federation",0,"Europe & Central Asia","Upper middle income",37.7,11,"99.60074997","98.81366621"
"203","RWA","Rwanda",98.84059,"Rwanda",52,"Sub-Saharan Africa","Low income",NA,6,"35.47307396","91.40913137"
"204","SAS","South Asia",91.62522,"South Asia",15.8,NA,NA,NA,9,"#DIV/0!","74.74106026"
"205","SAU","Saudi Arabia",97.54549,"Saudi Arabia",NA,"Middle East & North Africa","High income",NA,9,"83.66566467","100"
"206","SDN","Sudan",59.17542,"Sudan",NA,"Sub-Saharan Africa","Low income",NA,8,"#DIV/0!","#DIV/0!"
"207","SEN","Senegal",73.53294,"Senegal",NA,"Sub-Saharan Africa","Lower middle income",NA,11,"21.94266701","68.41008682"
"208","SGP","Singapore",99.98961,"Singapore",NA,"East Asia & Pacific","High income",NA,6,"86.00411779","98.38272349"
"209","SLB","Solomon Islands",NA,"Solomon Islands",NA,"East Asia & Pacific","Lower middle income",NA,NA,"#DIV/0!","65.11224976"
"210","SLE","Sierra Leone",98.96839,"Sierra Leone",NA,"Sub-Saharan Africa","Low income",NA,9,"32.80588531","59.29106522"
"211","SLV","El Salvador",85.17199,"El Salvador",2.6,"Latin America & Caribbean","Upper middle income",40.6,15,"57.8012515","95.56062622"
"212","SMR","San Marino",NA,"San Marino",NA,"Europe & Central Asia","High income",NA,10,"96.59699249","58.37947922"
"213","SOM","Somalia",NA,"Somalia",NA,"Sub-Saharan Africa","Low income",NA,NA,"15.50286961","#DIV/0!"
"214","SRB","Serbia",99.16856,"Serbia",6.4,"Europe & Central Asia","Upper middle income",40.5,8,"96.48506274","63.0774231"
"215","SSA","Sub-Saharan Africa (excluding high income)",77.93024,"Sub-Saharan Africa (excluding high income)",NA,NA,NA,NA,8,"#DIV/0!","73.17298681"
"216","SSD","South Sudan",NA,"South Sudan",67.3,"Sub-Saharan Africa","Low income",NA,8,"#DIV/0!","44.02709961"
"217","SSF","Sub-Saharan Africa",77.93112,"Sub-Saharan Africa",37.3,NA,NA,NA,8,"#DIV/0!","73.17415758"
"218","SST","Small states",85.52739,"Small states",NA,NA,NA,NA,9,"#DIV/0!","80.87750479"
"219","STP","Sao Tome and Principe",NA,"Sao Tome and Principe",NA,"Sub-Saharan Africa","Lower middle income",NA,6,"88.02041626","34.1757431"
"220","SUR","Suriname",90.47281,"Suriname",NA,"Latin America & Caribbean","Upper middle income",NA,6,"82.09189987","97.89647883"
"221","SVK","Slovak Republic",82.21387,"Slovak Republic",1.4,"Europe & Central Asia","High income",26.5,11,"99.78486718","95.90000153"
"222","SVN","Slovenia",98.18158,"Slovenia",0,"Europe & Central Asia","High income",25.4,9,"99.64631435","#DIV/0!"
"223","SWE","Sweden",99.60466,"Sweden",0.3,"Europe & Central Asia","High income",29.2,10,"100","#DIV/0!"
"224","SWZ","Eswatini",84.37134,"Eswatini",36.1,"Sub-Saharan Africa","Lower middle income",NA,7,"#DIV/0!","77.74375057"
"225","SXM","Sint Maarten (Dutch part)",NA,"Sint Maarten (Dutch part)",NA,"Latin America & Caribbean","High income",NA,14,"#DIV/0!","#DIV/0!"
"226","SYC","Seychelles",94.62863,"Seychelles",NA,"Sub-Saharan Africa","High income",NA,10,"#DIV/0!","79.07515687"
"227","SYR","Syrian Arab Republic",NA,"Syrian Arab Republic",NA,"Middle East & North Africa","Low income",NA,9,"#DIV/0!","#DIV/0!"
"228","TCA","Turks and Caicos Islands",NA,"Turks and Caicos Islands",NA,"Latin America & Caribbean","High income",NA,13,"96.1295929","91.394207"
"229","TCD","Chad",73.4665,"Chad",NA,"Sub-Saharan Africa","Low income",NA,10,"18.63986969","66.24145317"
"230","TEA","East Asia & Pacific (IDA & IBRD countries)",95.9392,"East Asia & Pacific (IDA & IBRD countries)",NA,NA,NA,NA,9,"#DIV/0!","#DIV/0!"
"231","TEC","Europe & Central Asia (IDA & IBRD countries)",95.10779,"Europe & Central Asia (IDA & IBRD countries)",NA,NA,NA,NA,10,"#DIV/0!","95.19868747"
"232","TGO","Togo",NA,"Togo",NA,"Sub-Saharan Africa","Low income",43.1,10,"36.82966518","76.19950443"
"233","THA","Thailand",NA,"Thailand",0,"East Asia & Pacific","Upper middle income",36,9,"65.21500626","100"
"234","TJK","Tajikistan",97.74311,"Tajikistan",NA,"Europe & Central Asia","Lower middle income",34,9,"95.75018311","96.82384109"
"235","TKM","Turkmenistan",NA,"Turkmenistan",NA,"Europe & Central Asia","Upper middle income",NA,12,"99.66532135","99.54738617"
"236","TLA","Latin America & the Caribbean (IDA & IBRD countries)",95.65156,"Latin America & the Caribbean (IDA & IBRD countries)",NA,NA,NA,NA,13.5,"#DIV/0!","78.94860077"
"237","TLS","Timor-Leste",93.97609,"Timor-Leste",NA,"East Asia & Pacific","Lower middle income",NA,9,"45.35199547","#DIV/0!"
"238","TMN","Middle East & North Africa (IDA & IBRD countries)",93.99606,"Middle East & North Africa (IDA & IBRD countries)",NA,NA,NA,NA,9,"#DIV/0!","85.64781189"
"239","TON","Tonga",NA,"Tonga",NA,"East Asia & Pacific","Upper middle income",33.5,15,"96.15819168","95.6703043"
"240","TSA","South Asia (IDA & IBRD)",91.62522,"South Asia (IDA & IBRD)",NA,NA,NA,NA,9,"#DIV/0!","74.74106026"
"241","TSS","Sub-Saharan Africa (IDA & IBRD countries)",77.93112,"Sub-Saharan Africa (IDA & IBRD countries)",NA,NA,NA,NA,8,"#DIV/0!","73.17415758"
"242","TTO","Trinidad and Tobago",NA,"Trinidad and Tobago",NA,"Latin America & Caribbean","High income",NA,7,"#DIV/0!","80.50618744"
"243","TUN","Tunisia",NA,"Tunisia",NA,"Middle East & North Africa","Lower middle income",32.8,9,"64.37879181","100"
"244","TUR","Turkiye",94.14611,"Turkiye",0.2,"Europe & Central Asia","Upper middle income",42.9,12,"87.94481066","#DIV/0!"
"245","TUV","Tuvalu",87.89088,"Tuvalu",NA,"East Asia & Pacific","Upper middle income",NA,8,"93.25488281","68.68674393"
"246","TZA","Tanzania",84.56048,"Tanzania",NA,"Sub-Saharan Africa","Lower middle income",NA,7,"63.36272049","97.56053925"
"247","UGA","Uganda",NA,"Uganda",42.7,"Sub-Saharan Africa","Low income",NA,7,"39.6780599","78.61921183"
"248","UKR","Ukraine",NA,"Ukraine",0.1,"Europe & Central Asia","Lower middle income",25.5,11,"#DIV/0!","92.05373298"
"249","UMC","Upper middle income",96.26969,"Upper middle income",2.4,NA,NA,NA,10,"#DIV/0!","#DIV/0!"
"250","URY","Uruguay",99.91235,"Uruguay",0.1,"Latin America & Caribbean","High income",40.1,14,"89.35181704","100"
"251","USA","United States",99.64003,"United States",1,"North America","High income",41.2,12,"98.58882488","100"
"252","UZB","Uzbekistan",97.5543,"Uzbekistan",NA,"Europe & Central Asia","Lower middle income",NA,12,"99.99710083","99.63930702"
"253","VCT","St. Vincent and the Grenadines",97.41197,"St. Vincent and the Grenadines",NA,"Latin America & Caribbean","Upper middle income",NA,12,"91.2883606","79.87479713"
"254","VEN","Venezuela, RB",91.20013,"Venezuela, RB",NA,"Latin America & Caribbean",NA,NA,NA,"86.48682949","#DIV/0!"
"255","VGB","British Virgin Islands",NA,"British Virgin Islands",NA,"Latin America & Caribbean","High income",NA,12,"#DIV/0!","79.04749001"
"256","VIR","Virgin Islands (U.S.)",NA,"Virgin Islands (U.S.)",NA,"Latin America & Caribbean","High income",NA,NA,"#DIV/0!","#DIV/0!"
"257","VNM","Viet Nam",NA,"Viet Nam",1.3,"East Asia & Pacific","Lower middle income",NA,10,"88.63423157","99.52637482"
"258","VUT","Vanuatu",NA,"Vanuatu",NA,"East Asia & Pacific","Lower middle income",NA,NA,"#DIV/0!","100"
"259","WLD","World",90.5136,"World",10.5,NA,NA,NA,10,"#DIV/0!","86.2959678"
"260","WSM","Samoa",96.35006,"Samoa",NA,"East Asia & Pacific","Lower middle income",NA,8,"96.2550354","#DIV/0!"
"261","XKX","Kosovo",NA,"Kosovo",0.8,"Europe & Central Asia","Upper middle income",26.5,NA,"#DIV/0!","#DIV/0!"
"262","YEM","Yemen, Rep.",84.39664,"Yemen, Rep.",NA,"Middle East & North Africa","Low income",NA,9,"#DIV/0!","#DIV/0!"
"263","ZAF","South Africa",NA,"South Africa",NA,"Sub-Saharan Africa","Upper middle income",NA,9,"82.96507492","#DIV/0!"
"264","ZMB","Zambia",NA,"Zambia",NA,"Sub-Saharan Africa","Lower middle income",55.9,7,"60.81071854","89.29689135"
"265","ZWE","Zimbabwe",NA,"Zimbabwe",NA,"Sub-Saharan Africa","Lower middle income",NA,7,"77.59745636","94.23592606"
